Model,TBS1072C
Firmware Version,v2015-08-04-prequal4ch70_v1.3

Point Format,Y,
Horizontal Units,S,
Horizontal Scale,0.02,
Sample Interval,0.00016,
Filter Frequency,2e+08,
Record Length,2000,
Gating,0.0% to 100.0%,0.0% to 100.0%
Probe Attenuation,1,1
Vertical Units,V,V
Vertical Offset,0,0
Vertical Scale,1,0.2
Label,,
TIME,CH1,CH2
-5.056e-02,0.0599999,0.00399998
-5.040e-02,0.0599999,0.012
-5.024e-02,0.0599999,0.012
-5.008e-02,0.0599999,0.012
-4.992e-02,0.0599999,0.00399998
-4.976e-02,0.0599999,0.00399998
-4.960e-02,0.0599999,0.00399998
-4.944e-02,0.0599999,0.02
-4.928e-02,0.0599999,0.02
-4.912e-02,0.0599999,0.02
-4.896e-02,0.0599999,0.012
-4.880e-02,0.0599999,0.00399998
-4.864e-02,0.0599999,0.00399998
-4.848e-02,0.0599999,0.02
-4.832e-02,0.0599999,0.012
-4.816e-02,0.0599999,0.00399998
-4.800e-02,0.0599999,0.012
-4.784e-02,0.0599999,0.012
-4.768e-02,0.0199999,0.02
-4.752e-02,0.0599999,0.012
-4.736e-02,0.0599999,0.012
-4.720e-02,0.0599999,0.00399998
-4.704e-02,0.0599999,0.012
-4.688e-02,0.0599999,0.012
-4.672e-02,0.0599999,0.012
-4.656e-02,0.0599999,0.012
-4.640e-02,0.0599999,0.00399998
-4.624e-02,0.0599999,0.012
-4.608e-02,0.0599999,0.012
-4.592e-02,0.0599999,0.012
-4.576e-02,0.0599999,0.012
-4.560e-02,0.0599999,0.012
-4.544e-02,0.0599999,0.012
-4.528e-02,0.0599999,0.02
-4.512e-02,0.0599999,0.00399998
-4.496e-02,0.0599999,-0.00400002
-4.480e-02,0.0599999,0.012
-4.464e-02,0.0599999,0.00399998
-4.448e-02,0.0599999,0.012
-4.432e-02,0.0599999,0.012
-4.416e-02,0.0599999,0.012
-4.400e-02,0.0999999,0.00399998
-4.384e-02,0.0599999,0.02
-4.368e-02,0.0599999,0.02
-4.352e-02,0.0599999,0.00399998
-4.336e-02,0.0599999,0.00399998
-4.320e-02,0.0599999,0.012
-4.304e-02,0.0599999,0.02
-4.288e-02,0.0599999,0.012
-4.272e-02,0.0599999,0.00399998
-4.256e-02,0.0599999,0.012
-4.240e-02,0.0599999,0.00399998
-4.224e-02,0.0599999,0.012
-4.208e-02,0.0199999,0.012
-4.192e-02,0.0599999,0.012
-4.176e-02,0.0599999,0.00399998
-4.160e-02,0.0599999,0.02
-4.144e-02,0.0599999,0.02
-4.128e-02,0.0599999,0.012
-4.112e-02,0.0599999,0.02
-4.096e-02,0.0599999,0.012
-4.080e-02,0.0599999,0.012
-4.064e-02,0.0599999,0.00399998
-4.048e-02,0.0599999,0.00399998
-4.032e-02,0.0599999,0.012
-4.016e-02,0.0599999,0.00399998
-4.000e-02,0.0599999,0.012
-3.984e-02,0.0599999,0.012
-3.968e-02,0.0599999,0.012
-3.952e-02,0.0599999,0.012
-3.936e-02,0.0599999,0.012
-3.920e-02,0.0599999,0.012
-3.904e-02,0.0599999,0.00399998
-3.888e-02,0.0599999,0.012
-3.872e-02,0.0599999,0.00399998
-3.856e-02,0.0599999,0.012
-3.840e-02,0.0599999,0.00399998
-3.824e-02,0.0599999,0.012
-3.808e-02,0.0599999,0.012
-3.792e-02,0.0599999,0.012
-3.776e-02,0.0599999,0.012
-3.760e-02,0.0599999,0.00399998
-3.744e-02,0.0599999,0.02
-3.728e-02,0.0599999,0.00399998
-3.712e-02,0.0599999,0.02
-3.696e-02,0.0599999,0.012
-3.680e-02,0.0599999,0.012
-3.664e-02,0.0599999,0.012
-3.648e-02,0.0599999,0.012
-3.632e-02,0.0599999,0.012
-3.616e-02,0.0599999,0.00399998
-3.600e-02,0.0599999,0.012
-3.584e-02,0.0599999,0.00399998
-3.568e-02,0.0599999,0.012
-3.552e-02,0.0599999,0.012
-3.536e-02,0.0599999,0.00399998
-3.520e-02,0.0599999,0.012
-3.504e-02,0.0599999,0.012
-3.488e-02,0.0599999,0.012
-3.472e-02,0.0599999,0.00399998
-3.456e-02,0.0599999,0.012
-3.440e-02,0.0599999,0.012
-3.424e-02,0.0599999,0.012
-3.408e-02,0.0599999,0.00399998
-3.392e-02,0.0599999,0.02
-3.376e-02,0.0599999,0.012
-3.360e-02,0.0599999,0.012
-3.344e-02,0.0599999,0.012
-3.328e-02,0.0599999,0.012
-3.312e-02,0.0599999,0.012
-3.296e-02,0.0599999,0.00399998
-3.280e-02,0.0599999,0.00399998
-3.264e-02,0.0599999,0.012
-3.248e-02,0.0599999,0.02
-3.232e-02,0.0599999,0.00399998
-3.216e-02,0.0599999,0.012
-3.200e-02,0.0599999,0.02
-3.184e-02,0.0599999,0.02
-3.168e-02,0.0599999,0.012
-3.152e-02,0.0999999,0.012
-3.136e-02,0.0599999,0.012
-3.120e-02,0.0599999,0.02
-3.104e-02,0.0599999,0.012
-3.088e-02,0.0599999,0.012
-3.072e-02,0.0599999,0.02
-3.056e-02,0.0599999,0.012
-3.040e-02,0.0599999,0.00399998
-3.024e-02,0.0599999,0.012
-3.008e-02,0.0599999,0.00399998
-2.992e-02,0.0599999,0.00399998
-2.976e-02,0.0599999,0.012
-2.960e-02,0.0599999,-0.00400002
-2.944e-02,0.0599999,0.012
-2.928e-02,0.0599999,0.02
-2.912e-02,0.0599999,0.00399998
-2.896e-02,0.0599999,0.00399998
-2.880e-02,0.0599999,0.012
-2.864e-02,0.0599999,0.00399998
-2.848e-02,0.0599999,0.012
-2.832e-02,0.0599999,0.012
-2.816e-02,0.0599999,0.012
-2.800e-02,0.0599999,0.00399998
-2.784e-02,0.0599999,0.012
-2.768e-02,0.0599999,0.00399998
-2.752e-02,0.0599999,0.02
-2.736e-02,0.0599999,0.02
-2.720e-02,0.0599999,0.012
-2.704e-02,0.0199999,0.012
-2.688e-02,0.0599999,0.012
-2.672e-02,0.0599999,0.02
-2.656e-02,0.0599999,0.012
-2.640e-02,0.0599999,0.02
-2.624e-02,0.0599999,0.00399998
-2.608e-02,0.0599999,0.012
-2.592e-02,0.0599999,0.012
-2.576e-02,0.0599999,0.00399998
-2.560e-02,0.0599999,0.012
-2.544e-02,0.0599999,0.012
-2.528e-02,0.0599999,0.012
-2.512e-02,0.0599999,0.012
-2.496e-02,0.0599999,0.00399998
-2.480e-02,0.0599999,0.012
-2.464e-02,0.0599999,0.012
-2.448e-02,0.0599999,0.012
-2.432e-02,0.0599999,0.012
-2.416e-02,0.0599999,0.012
-2.400e-02,0.0599999,0.00399998
-2.384e-02,0.0999999,0.00399998
-2.368e-02,0.0599999,0.012
-2.352e-02,0.0599999,0.012
-2.336e-02,0.0599999,0.00399998
-2.320e-02,0.0599999,0.012
-2.304e-02,0.0599999,0.00399998
-2.288e-02,0.0599999,0.00399998
-2.272e-02,0.0599999,0.02
-2.256e-02,0.0599999,0.012
-2.240e-02,0.0599999,0.012
-2.224e-02,0.0599999,0.012
-2.208e-02,0.0599999,0.00399998
-2.192e-02,0.0599999,0.00399998
-2.176e-02,0.0599999,0.012
-2.160e-02,0.0599999,0.012
-2.144e-02,0.0599999,0.012
-2.128e-02,0.0599999,0.012
-2.112e-02,0.0599999,0.02
-2.096e-02,0.0999999,0.012
-2.080e-02,0.0599999,0.00399998
-2.064e-02,0.0599999,0.012
-2.048e-02,0.0599999,0.012
-2.032e-02,0.0599999,0.012
-2.016e-02,0.0599999,0.00399998
-2.000e-02,0.0999999,0.00399998
-1.984e-02,0.0599999,0.00399998
-1.968e-02,0.0599999,0.00399998
-1.952e-02,0.0599999,0.028
-1.936e-02,0.0599999,0.00399998
-1.920e-02,0.0599999,0.00399998
-1.904e-02,0.0599999,0.00399998
-1.888e-02,0.0599999,0.012
-1.872e-02,0.0599999,0.012
-1.856e-02,0.0599999,0.00399998
-1.840e-02,0.0599999,0.012
-1.824e-02,0.0599999,0.00399998
-1.808e-02,0.0599999,0.00399998
-1.792e-02,0.0599999,0.012
-1.776e-02,0.0599999,0.02
-1.760e-02,0.0599999,0.02
-1.744e-02,0.0599999,0.00399998
-1.728e-02,0.0599999,0.012
-1.712e-02,0.0599999,0.012
-1.696e-02,0.0599999,0.02
-1.680e-02,0.0599999,0.00399998
-1.664e-02,0.0599999,0.02
-1.648e-02,0.0599999,0.012
-1.632e-02,0.0599999,0.00399998
-1.616e-02,0.0999999,0.02
-1.600e-02,0.0599999,0.012
-1.584e-02,0.0599999,0.02
-1.568e-02,0.0599999,0.00399998
-1.552e-02,0.0599999,0.00399998
-1.536e-02,0.0599999,0.012
-1.520e-02,0.0599999,0.00399998
-1.504e-02,0.0599999,0.02
-1.488e-02,0.0599999,0.00399998
-1.472e-02,0.0599999,0.012
-1.456e-02,0.0599999,0.02
-1.440e-02,0.0599999,0.00399998
-1.424e-02,0.0599999,0.02
-1.408e-02,0.0599999,0.00399998
-1.392e-02,0.0599999,0.012
-1.376e-02,0.0599999,0.012
-1.360e-02,0.0599999,0.012
-1.344e-02,0.0599999,0.012
-1.328e-02,0.0599999,0.00399998
-1.312e-02,0.0599999,0.02
-1.296e-02,0.0599999,0.012
-1.280e-02,0.0599999,0.012
-1.264e-02,0.0599999,0.00399998
-1.248e-02,0.0599999,0.00399998
-1.232e-02,0.0599999,0.00399998
-1.216e-02,0.0599999,0.012
-1.200e-02,0.0599999,0.012
-1.184e-02,0.0599999,0.012
-1.168e-02,0.0599999,0.012
-1.152e-02,0.0599999,0.02
-1.136e-02,0.0599999,0.00399998
-1.120e-02,0.0599999,0.00399998
-1.104e-02,0.0599999,0.00399998
-1.088e-02,0.0599999,0.02
-1.072e-02,0.0599999,0.012
-1.056e-02,0.0599999,0.00399998
-1.040e-02,0.0599999,0.02
-1.024e-02,0.0599999,0.012
-1.008e-02,0.0599999,0.012
-9.920e-03,0.0599999,0.012
-9.760e-03,0.0599999,0.00399998
-9.600e-03,0.0599999,0.012
-9.440e-03,0.0599999,0.012
-9.280e-03,0.0599999,0.012
-9.120e-03,0.0199999,0.012
-8.960e-03,0.0599999,0.012
-8.800e-03,0.0599999,0.02
-8.640e-03,0.0599999,0.00399998
-8.480e-03,0.0599999,0.012
-8.320e-03,0.0599999,0.00399998
-8.160e-03,0.0599999,0.00399998
-8.000e-03,0.0599999,0.00399998
-7.840e-03,0.0599999,-0.00400002
-7.680e-03,0.0599999,0.00399998
-7.520e-03,0.0599999,0.012
-7.360e-03,0.0599999,0.02
-7.200e-03,0.0599999,0.00399998
-7.040e-03,0.0599999,0.02
-6.880e-03,0.0599999,0.012
-6.720e-03,0.0599999,0.00399998
-6.560e-03,0.0599999,0.02
-6.400e-03,0.0599999,0.012
-6.240e-03,0.0599999,0.012
-6.080e-03,0.0599999,0.012
-5.920e-03,0.0599999,0.012
-5.760e-03,0.0599999,0.02
-5.600e-03,0.0599999,0.02
-5.440e-03,0.0599999,0.012
-5.280e-03,0.0599999,0.012
-5.120e-03,0.0599999,0.00399998
-4.960e-03,0.0599999,0.012
-4.800e-03,0.0599999,0.00399998
-4.640e-03,0.0599999,0.012
-4.480e-03,0.0599999,0.012
-4.320e-03,0.0599999,0.012
-4.160e-03,0.0599999,0.012
-4.000e-03,0.0599999,0.012
-3.840e-03,0.0599999,0.02
-3.680e-03,0.0599999,0.02
-3.520e-03,0.0599999,0.012
-3.360e-03,0.0599999,0.012
-3.200e-03,0.0599999,0.02
-3.040e-03,0.0599999,0.00399998
-2.880e-03,0.0599999,0.00399998
-2.720e-03,0.0599999,0.012
-2.560e-03,0.0599999,0.00399998
-2.400e-03,0.0599999,0.012
-2.240e-03,0.0599999,0.012
-2.080e-03,0.0599999,0.00399998
-1.920e-03,0.0599999,0.012
-1.760e-03,0.0599999,0.012
-1.600e-03,0.0599999,0.00399998
-1.440e-03,0.0599999,0.012
-1.280e-03,0.0599999,0.00399998
-1.120e-03,0.0599999,0.012
-9.600e-04,0.0599999,0.00399998
-8.000e-04,0.0599999,0.012
-6.400e-04,0.0599999,0.02
-4.800e-04,0.0599999,0.012
-3.200e-04,0.0599999,0.012
-1.600e-04,0.0599999,0.012
1.557e-16,4.86,0.02
1.600e-04,4.82,0.012
3.200e-04,4.78,0.00399998
4.800e-04,4.58,0.012
6.400e-04,4.3,0.02
8.000e-04,3.9,0.02
9.600e-04,3.7,0.028
1.120e-03,3.58,0.028
1.280e-03,3.5,0.044
1.440e-03,3.42,0.052
1.600e-03,3.42,0.06
1.760e-03,3.5,0.052
1.920e-03,3.54,0.068
2.080e-03,3.58,0.068
2.240e-03,3.62,0.076
2.400e-03,3.66,0.068
2.560e-03,3.7,0.076
2.720e-03,3.74,0.068
2.880e-03,3.78,0.06
3.040e-03,3.86,0.076
3.200e-03,3.94,0.084
3.360e-03,3.98,0.092
3.520e-03,4.1,0.1
3.680e-03,4.18,0.108
3.840e-03,4.26,0.1
4.000e-03,4.34,0.108
4.160e-03,4.38,0.116
4.320e-03,4.46,0.116
4.480e-03,4.46,0.116
4.640e-03,4.5,0.108
4.800e-03,4.5,0.124
4.960e-03,4.58,0.124
5.120e-03,4.58,0.132
5.280e-03,4.62,0.132
5.440e-03,4.66,0.14
5.600e-03,4.66,0.148
5.760e-03,4.7,0.156
5.920e-03,4.7,0.164
6.080e-03,4.66,0.164
6.240e-03,4.7,0.172
6.400e-03,4.7,0.172
6.560e-03,4.74,0.172
6.720e-03,4.78,0.196
6.880e-03,4.78,0.18
7.040e-03,4.78,0.188
7.200e-03,4.78,0.18
7.360e-03,4.82,0.196
7.520e-03,4.82,0.204
7.680e-03,4.82,0.204
7.840e-03,4.82,0.212
8.000e-03,4.86,0.22
8.160e-03,4.86,0.22
8.320e-03,4.9,0.252
8.480e-03,4.86,0.236
8.640e-03,4.86,0.244
8.800e-03,4.86,0.244
8.960e-03,4.86,0.252
9.120e-03,4.86,0.26
9.280e-03,4.86,0.26
9.440e-03,4.86,0.276
9.600e-03,4.86,0.276
9.760e-03,4.9,0.276
9.920e-03,4.86,0.292
1.008e-02,4.9,0.292
1.024e-02,4.86,0.292
1.040e-02,4.9,0.276
1.056e-02,4.9,0.292
1.072e-02,4.86,0.3
1.088e-02,4.86,0.292
1.104e-02,4.74,0.156
1.120e-02,4.9,0.308
1.136e-02,4.9,0.316
1.152e-02,4.9,0.308
1.168e-02,4.9,0.3
1.184e-02,4.9,0.308
1.200e-02,4.9,0.284
1.216e-02,4.9,0.308
1.232e-02,4.86,0.3
1.248e-02,4.9,0.324
1.264e-02,4.9,0.316
1.280e-02,4.9,0.308
1.296e-02,4.9,0.324
1.312e-02,4.9,0.308
1.328e-02,4.9,0.3
1.344e-02,4.86,0.3
1.360e-02,4.9,0.3
1.376e-02,4.9,0.316
1.392e-02,4.9,0.316
1.408e-02,4.9,0.324
1.424e-02,4.9,0.324
1.440e-02,4.9,0.324
1.456e-02,4.9,0.324
1.472e-02,4.9,0.324
1.488e-02,4.86,0.34
1.504e-02,4.86,0.34
1.520e-02,4.86,0.348
1.536e-02,4.86,0.356
1.552e-02,4.86,0.364
1.568e-02,4.9,0.372
1.584e-02,4.9,0.38
1.600e-02,4.9,0.388
1.616e-02,4.9,0.396
1.632e-02,4.9,0.404
1.648e-02,4.9,0.396
1.664e-02,4.9,0.42
1.680e-02,4.9,0.436
1.696e-02,4.9,0.404
1.712e-02,4.9,0.396
1.728e-02,4.9,0.404
1.744e-02,4.9,0.428
1.760e-02,4.94,0.444
1.776e-02,4.9,0.444
1.792e-02,4.9,0.452
1.808e-02,4.9,0.444
1.824e-02,4.9,0.468
1.840e-02,4.9,0.452
1.856e-02,4.9,0.444
1.872e-02,4.9,0.468
1.888e-02,4.9,0.468
1.904e-02,4.9,0.46
1.920e-02,4.9,0.436
1.936e-02,4.94,0.476
1.952e-02,4.94,0.46
1.968e-02,4.9,0.468
1.984e-02,4.94,0.46
2.000e-02,4.94,0.452
2.016e-02,4.94,0.444
2.032e-02,4.94,0.444
2.048e-02,4.94,0.444
2.064e-02,4.94,0.444
2.080e-02,4.94,0.444
2.096e-02,4.94,0.436
2.112e-02,4.9,0.46
2.128e-02,4.9,0.452
2.144e-02,4.94,0.46
2.160e-02,4.9,0.468
2.176e-02,4.94,0.468
2.192e-02,4.9,0.468
2.208e-02,4.9,0.5
2.224e-02,4.9,0.484
2.240e-02,4.9,0.5
2.256e-02,4.94,0.508
2.272e-02,4.9,0.524
2.288e-02,4.94,0.532
2.304e-02,4.9,0.556
2.320e-02,4.94,0.572
2.336e-02,4.9,0.572
2.352e-02,4.94,0.548
2.368e-02,4.94,0.524
2.384e-02,4.94,0.508
2.400e-02,4.94,0.516
2.416e-02,4.9,0.524
2.432e-02,4.94,0.54
2.448e-02,4.94,0.564
2.464e-02,4.94,0.58
2.480e-02,4.94,0.572
2.496e-02,4.94,0.556
2.512e-02,4.94,0.58
2.528e-02,4.94,0.58
2.544e-02,4.94,0.572
2.560e-02,4.94,0.556
2.576e-02,4.94,0.5
2.592e-02,4.94,0.508
2.608e-02,4.94,0.524
2.624e-02,4.94,0.516
2.640e-02,4.94,0.532
2.656e-02,4.94,0.54
2.672e-02,4.94,0.532
2.688e-02,4.94,0.54
2.704e-02,4.94,0.564
2.720e-02,4.94,0.572
2.736e-02,4.94,0.58
2.752e-02,4.94,0.596
2.768e-02,4.9,0.604
2.784e-02,4.94,0.588
2.800e-02,4.94,0.564
2.816e-02,4.94,0.492
2.832e-02,4.94,0.492
2.848e-02,4.94,0.508
2.864e-02,4.94,0.516
2.880e-02,4.94,0.516
2.896e-02,4.94,0.524
2.912e-02,4.94,0.532
2.928e-02,4.94,0.532
2.944e-02,4.94,0.548
2.960e-02,4.94,0.54
2.976e-02,4.94,0.532
2.992e-02,4.94,0.54
3.008e-02,4.94,0.548
3.024e-02,4.94,0.548
3.040e-02,4.94,0.564
3.056e-02,4.94,0.556
3.072e-02,4.94,0.564
3.088e-02,4.98,0.572
3.104e-02,4.94,0.572
3.120e-02,4.94,0.572
3.136e-02,4.98,0.588
3.152e-02,4.94,0.596
3.168e-02,4.94,0.612
3.184e-02,4.98,0.62
3.200e-02,4.98,0.636
3.216e-02,4.94,0.636
3.232e-02,4.94,0.644
3.248e-02,4.94,0.668
3.264e-02,4.94,0.692
3.280e-02,4.94,0.684
3.296e-02,4.94,0.7
3.312e-02,4.94,0.724
3.328e-02,4.98,0.692
3.344e-02,4.98,0.692
3.360e-02,4.94,0.668
3.376e-02,4.94,0.62
3.392e-02,4.94,0.652
3.408e-02,4.94,0.628
3.424e-02,4.94,0.588
3.440e-02,4.98,0.596
3.456e-02,4.98,0.596
3.472e-02,4.94,0.596
3.488e-02,4.94,0.588
3.504e-02,4.94,0.604
3.520e-02,4.94,0.628
3.536e-02,4.98,0.62
3.552e-02,4.98,0.62
3.568e-02,4.94,0.636
3.584e-02,4.94,0.66
3.600e-02,4.94,0.676
3.616e-02,4.98,0.684
3.632e-02,4.94,0.7
3.648e-02,4.98,0.716
3.664e-02,4.98,0.708
3.680e-02,4.94,0.604
3.696e-02,4.94,0.644
3.712e-02,4.94,0.636
3.728e-02,4.98,0.636
3.744e-02,4.94,0.636
3.760e-02,4.94,0.652
3.776e-02,4.98,0.62
3.792e-02,4.94,0.62
3.808e-02,4.94,0.612
3.824e-02,4.94,0.628
3.840e-02,4.98,0.62
3.856e-02,4.98,0.628
3.872e-02,4.94,0.62
3.888e-02,4.98,0.628
3.904e-02,4.98,0.644
3.920e-02,4.98,0.652
3.936e-02,4.98,0.66
3.952e-02,5.02,0.668
3.968e-02,4.98,0.676
3.984e-02,4.98,0.7
4.000e-02,4.98,0.708
4.016e-02,4.98,0.716
4.032e-02,4.94,0.732
4.048e-02,4.98,0.756
4.064e-02,4.98,0.772
4.080e-02,4.98,0.732
4.096e-02,4.94,0.66
4.112e-02,4.94,0.628
4.128e-02,4.98,0.636
4.144e-02,4.98,0.66
4.160e-02,4.94,0.66
4.176e-02,4.98,0.66
4.192e-02,4.94,0.676
4.208e-02,4.94,0.652
4.224e-02,4.98,0.66
4.240e-02,4.98,0.668
4.256e-02,4.94,0.668
4.272e-02,4.98,0.668
4.288e-02,4.98,0.676
4.304e-02,4.98,0.676
4.320e-02,4.98,0.692
4.336e-02,4.98,0.7
4.352e-02,4.98,0.716
4.368e-02,4.98,0.724
4.384e-02,4.98,0.756
4.400e-02,4.94,0.764
4.416e-02,4.94,0.788
4.432e-02,4.94,0.796
4.448e-02,4.98,0.812
4.464e-02,4.98,0.812
4.480e-02,4.94,0.772
4.496e-02,4.98,0.788
4.512e-02,4.98,0.804
4.528e-02,4.94,0.78
4.544e-02,4.98,0.74
4.560e-02,4.94,0.708
4.576e-02,4.94,0.732
4.592e-02,4.98,0.716
4.608e-02,4.98,0.724
4.624e-02,4.98,0.7
4.640e-02,4.98,0.7
4.656e-02,4.98,0.708
4.672e-02,4.98,0.732
4.688e-02,4.98,0.732
4.704e-02,4.98,0.74
4.720e-02,4.94,0.772
4.736e-02,4.98,0.78
4.752e-02,4.98,0.796
4.768e-02,4.98,0.812
4.784e-02,4.98,0.828
4.800e-02,4.98,0.788
4.816e-02,4.98,0.764
4.832e-02,4.98,0.7
4.848e-02,4.94,0.692
4.864e-02,4.98,0.692
4.880e-02,4.98,0.692
4.896e-02,5.02,0.692
4.912e-02,4.98,0.708
4.928e-02,4.98,0.692
4.944e-02,4.98,0.684
4.960e-02,4.98,0.708
4.976e-02,4.94,0.684
4.992e-02,4.98,0.716
5.008e-02,4.98,0.716
5.024e-02,4.98,0.732
5.040e-02,5.02,0.74
5.056e-02,4.98,0.764
5.072e-02,4.98,0.772
5.088e-02,4.98,0.796
5.104e-02,4.98,0.772
5.120e-02,5.02,0.772
5.136e-02,4.98,0.756
5.152e-02,4.94,0.692
5.168e-02,4.98,0.708
5.184e-02,4.98,0.724
5.200e-02,4.98,0.748
5.216e-02,4.98,0.732
5.232e-02,4.98,0.724
5.248e-02,4.98,0.708
5.264e-02,4.98,0.716
5.280e-02,4.98,0.716
5.296e-02,4.98,0.708
5.312e-02,4.94,0.724
5.328e-02,4.98,0.724
5.344e-02,4.94,0.74
5.360e-02,4.98,0.756
5.376e-02,4.98,0.772
5.392e-02,4.98,0.78
5.408e-02,4.98,0.804
5.424e-02,4.98,0.82
5.440e-02,4.98,0.836
5.456e-02,4.98,0.876
5.472e-02,4.98,0.876
5.488e-02,4.98,0.884
5.504e-02,4.98,0.868
5.520e-02,4.98,0.884
5.536e-02,4.98,0.876
5.552e-02,4.98,0.884
5.568e-02,4.98,0.876
5.584e-02,4.98,0.86
5.600e-02,4.98,0.804
5.616e-02,4.98,0.74
5.632e-02,4.98,0.732
5.648e-02,4.98,0.748
5.664e-02,4.98,0.74
5.680e-02,4.98,0.772
5.696e-02,4.98,0.772
5.712e-02,4.98,0.796
5.728e-02,4.98,0.804
5.744e-02,4.98,0.82
5.760e-02,4.98,0.852
5.776e-02,4.98,0.764
5.792e-02,4.98,0.764
5.808e-02,4.98,0.852
5.824e-02,4.98,0.844
5.840e-02,4.98,0.868
5.856e-02,4.98,0.86
5.872e-02,4.98,0.876
5.888e-02,4.98,0.876
5.904e-02,5.02,0.852
5.920e-02,4.98,0.852
5.936e-02,4.98,0.812
5.952e-02,4.98,0.78
5.968e-02,4.98,0.78
5.984e-02,4.98,0.78
6.000e-02,4.98,0.772
6.016e-02,4.98,0.788
6.032e-02,4.98,0.796
6.048e-02,4.98,0.812
6.064e-02,4.98,0.836
6.080e-02,4.98,0.852
6.096e-02,4.98,0.876
6.112e-02,4.98,0.844
6.128e-02,4.98,0.868
6.144e-02,4.98,0.884
6.160e-02,4.98,0.852
6.176e-02,4.98,0.9
6.192e-02,4.98,0.948
6.208e-02,5.02,0.924
6.224e-02,4.98,0.9
6.240e-02,4.98,0.916
6.256e-02,4.98,0.9
6.272e-02,4.98,0.884
6.288e-02,4.98,0.788
6.304e-02,4.98,0.796
6.320e-02,4.98,0.796
6.336e-02,4.98,0.812
6.352e-02,4.98,0.812
6.368e-02,4.98,0.844
6.384e-02,4.98,0.852
6.400e-02,4.94,0.844
6.416e-02,4.98,0.868
6.432e-02,4.98,0.764
6.448e-02,4.98,0.716
6.464e-02,4.98,0.708
6.480e-02,4.98,0.74
6.496e-02,4.98,0.732
6.512e-02,4.98,0.764
6.528e-02,4.98,0.756
6.544e-02,4.98,0.772
6.560e-02,4.98,0.764
6.576e-02,4.98,0.764
6.592e-02,5.02,0.788
6.608e-02,4.98,0.772
6.624e-02,4.98,0.788
6.640e-02,4.98,0.796
6.656e-02,5.02,0.812
6.672e-02,4.98,0.836
6.688e-02,4.98,0.844
6.704e-02,4.98,0.86
6.720e-02,4.98,0.892
6.736e-02,4.98,0.908
6.752e-02,4.98,0.964
6.768e-02,4.98,0.956
6.784e-02,4.98,0.956
6.800e-02,4.98,0.972
6.816e-02,4.98,0.948
6.832e-02,4.98,0.844
6.848e-02,4.98,0.86
6.864e-02,4.98,0.796
6.880e-02,4.98,0.78
6.896e-02,5.02,0.78
6.912e-02,4.98,0.788
6.928e-02,4.94,0.796
6.944e-02,4.98,0.796
6.960e-02,4.98,0.812
6.976e-02,4.98,0.828
6.992e-02,4.98,0.844
7.008e-02,4.98,0.86
7.024e-02,4.98,0.884
7.040e-02,4.98,0.908
7.056e-02,4.98,0.924
7.072e-02,4.98,0.828
7.088e-02,4.98,0.836
7.104e-02,4.98,0.82
7.120e-02,4.98,0.844
7.136e-02,4.98,0.828
7.152e-02,4.98,0.796
7.168e-02,4.98,0.796
7.184e-02,5.02,0.788
7.200e-02,4.98,0.788
7.216e-02,5.02,0.796
7.232e-02,5.02,0.796
7.248e-02,4.98,0.812
7.264e-02,4.98,0.82
7.280e-02,4.98,0.836
7.296e-02,5.02,0.852
7.312e-02,5.02,0.868
7.328e-02,5.02,0.9
7.344e-02,4.98,0.924
7.360e-02,4.98,0.94
7.376e-02,5.02,0.972
7.392e-02,4.98,0.892
7.408e-02,5.02,0.74
7.424e-02,4.98,0.772
7.440e-02,4.98,0.804
7.456e-02,4.98,0.804
7.472e-02,4.98,0.82
7.488e-02,4.98,0.796
7.504e-02,4.98,0.796
7.520e-02,5.02,0.796
7.536e-02,4.98,0.812
7.552e-02,4.98,0.82
7.568e-02,4.98,0.828
7.584e-02,4.98,0.852
7.600e-02,4.98,0.86
7.616e-02,4.98,0.892
7.632e-02,4.98,0.908
7.648e-02,4.98,0.932
7.664e-02,4.98,0.94
7.680e-02,4.98,0.916
7.696e-02,4.98,0.948
7.712e-02,5.02,0.964
7.728e-02,5.02,0.964
7.744e-02,4.98,0.964
7.760e-02,4.98,0.964
7.776e-02,4.98,0.876
7.792e-02,4.98,0.804
7.808e-02,5.02,0.836
7.824e-02,4.98,0.836
7.840e-02,4.98,0.836
7.856e-02,4.98,0.836
7.872e-02,4.98,0.852
7.888e-02,4.98,0.868
7.904e-02,4.98,0.892
7.920e-02,5.02,0.908
7.936e-02,4.98,0.924
7.952e-02,4.98,0.948
7.968e-02,5.02,0.98
7.984e-02,5.02,0.972
8.000e-02,5.02,0.86
8.016e-02,4.98,0.812
8.032e-02,4.98,0.796
8.048e-02,4.98,0.804
8.064e-02,4.98,0.82
8.080e-02,5.02,0.86
8.096e-02,5.02,0.804
8.112e-02,5.02,0.82
8.128e-02,5.02,0.82
8.144e-02,4.98,0.82
8.160e-02,4.98,0.828
8.176e-02,5.02,0.844
8.192e-02,5.02,0.876
8.208e-02,4.98,0.892
8.224e-02,4.98,0.916
8.240e-02,4.98,0.9
8.256e-02,5.02,0.884
8.272e-02,4.98,0.86
8.288e-02,4.98,0.804
8.304e-02,4.98,0.852
8.320e-02,4.98,0.844
8.336e-02,4.98,0.852
8.352e-02,4.98,0.852
8.368e-02,4.98,0.804
8.384e-02,4.98,0.812
8.400e-02,5.02,0.804
8.416e-02,4.98,0.828
8.432e-02,4.98,0.82
8.448e-02,4.98,0.836
8.464e-02,4.98,0.852
8.480e-02,5.02,0.868
8.496e-02,4.98,0.884
8.512e-02,5.02,0.916
8.528e-02,5.02,0.932
8.544e-02,5.02,0.948
8.560e-02,5.02,0.98
8.576e-02,5.02,0.964
8.592e-02,5.02,0.94
8.608e-02,5.02,0.916
8.624e-02,5.02,0.988
8.640e-02,4.98,0.924
8.656e-02,5.02,0.908
8.672e-02,5.02,0.884
8.688e-02,5.02,0.812
8.704e-02,4.98,0.828
8.720e-02,4.98,0.828
8.736e-02,4.98,0.844
8.752e-02,4.98,0.844
8.768e-02,4.98,0.876
8.784e-02,5.02,0.876
8.800e-02,4.94,0.884
8.816e-02,4.98,0.924
8.832e-02,4.98,0.924
8.848e-02,5.06,0.884
8.864e-02,5.02,0.956
8.880e-02,5.02,0.932
8.896e-02,5.02,0.94
8.912e-02,4.98,0.94
8.928e-02,4.98,0.964
8.944e-02,5.02,0.956
8.960e-02,5.02,0.932
8.976e-02,5.02,0.876
8.992e-02,5.02,0.884
9.008e-02,4.98,0.836
9.024e-02,4.98,0.844
9.040e-02,5.02,0.852
9.056e-02,4.98,0.876
9.072e-02,4.98,0.884
9.088e-02,5.02,0.9
9.104e-02,5.02,0.924
9.120e-02,4.98,0.948
9.136e-02,5.02,0.972
9.152e-02,5.02,0.964
9.168e-02,4.98,0.892
9.184e-02,5.02,0.9
9.200e-02,5.02,0.9
9.216e-02,5.02,1.004
9.232e-02,5.02,1.012
9.248e-02,5.02,0.956
9.264e-02,4.98,0.98
9.280e-02,4.98,0.98
9.296e-02,5.02,0.852
9.312e-02,5.02,0.86
9.328e-02,5.02,0.868
9.344e-02,5.02,0.884
9.360e-02,5.02,0.9
9.376e-02,5.02,0.948
9.392e-02,4.98,0.94
9.408e-02,5.02,0.956
9.424e-02,4.98,0.876
9.440e-02,4.98,0.788
9.456e-02,5.02,0.772
9.472e-02,5.02,0.78
9.488e-02,4.98,0.812
9.504e-02,5.02,0.812
9.520e-02,5.02,0.828
9.536e-02,5.02,0.82
9.552e-02,4.98,0.82
9.568e-02,4.98,0.836
9.584e-02,5.02,0.844
9.600e-02,4.98,0.852
9.616e-02,5.02,0.852
9.632e-02,4.98,0.876
9.648e-02,4.98,0.884
9.664e-02,5.02,0.9
9.680e-02,4.98,0.924
9.696e-02,5.02,0.948
9.712e-02,5.02,0.964
9.728e-02,4.98,1.012
9.744e-02,5.02,1.012
9.760e-02,5.02,1.028
9.776e-02,5.02,0.996
9.792e-02,5.02,0.948
9.808e-02,4.98,0.932
9.824e-02,5.02,0.916
9.840e-02,5.02,0.876
9.856e-02,5.02,0.836
9.872e-02,5.02,0.844
9.888e-02,5.02,0.844
9.904e-02,5.02,0.868
9.920e-02,5.02,0.868
9.936e-02,4.98,0.884
9.952e-02,4.98,0.908
9.968e-02,5.02,0.932
9.984e-02,4.98,0.964
1.000e-01,5.02,0.98
1.002e-01,5.02,0.828
1.003e-01,5.02,0.892
1.005e-01,4.98,0.884
1.006e-01,4.98,0.86
1.008e-01,4.98,0.892
1.010e-01,5.02,0.884
1.011e-01,5.02,0.876
1.013e-01,4.98,0.836
1.014e-01,4.98,0.844
1.016e-01,4.98,0.844
1.018e-01,4.98,0.844
1.019e-01,4.98,0.86
1.021e-01,4.98,0.868
1.022e-01,5.02,0.892
1.024e-01,5.02,0.916
1.026e-01,5.02,0.932
1.027e-01,5.02,0.964
1.029e-01,5.02,0.98
1.030e-01,4.98,1.004
1.032e-01,5.02,1.02
1.034e-01,5.02,0.908
1.035e-01,5.02,0.812
1.037e-01,5.02,0.844
1.038e-01,5.02,0.86
1.040e-01,4.98,0.884
1.042e-01,4.98,0.836
1.043e-01,4.98,0.852
1.045e-01,5.02,0.852
1.046e-01,5.02,0.86
1.048e-01,4.98,0.876
1.050e-01,4.98,0.876
1.051e-01,4.98,0.9
1.053e-01,4.98,0.908
1.054e-01,5.02,0.948
1.056e-01,5.02,0.964
1.058e-01,5.02,0.988
1.059e-01,4.98,0.996
1.061e-01,4.98,1.02
1.062e-01,4.98,1.02
1.064e-01,4.98,1.02
1.066e-01,4.98,1.02
1.067e-01,5.02,0.964
1.069e-01,5.02,0.94
1.070e-01,5.02,0.868
1.072e-01,5.02,0.868
1.074e-01,5.02,0.876
1.075e-01,5.02,0.868
1.077e-01,5.02,0.876
1.078e-01,5.02,0.884
1.080e-01,4.98,0.916
1.082e-01,4.98,0.94
1.083e-01,4.98,0.948
1.085e-01,4.98,0.98
1.086e-01,4.98,1.004
1.088e-01,4.98,0.956
1.090e-01,5.02,0.908
1.091e-01,4.98,0.892
1.093e-01,4.98,0.82
1.094e-01,5.02,0.836
1.096e-01,4.98,0.844
1.098e-01,5.02,0.884
1.099e-01,4.98,0.852
1.101e-01,5.02,0.844
1.102e-01,4.98,0.844
1.104e-01,5.02,0.86
1.106e-01,4.98,0.868
1.107e-01,4.98,0.876
1.109e-01,4.98,0.908
1.110e-01,4.98,0.924
1.112e-01,4.98,0.956
1.114e-01,5.02,0.98
1.115e-01,5.02,0.94
1.117e-01,5.02,0.876
1.118e-01,4.98,0.82
1.120e-01,4.98,0.812
1.122e-01,5.02,0.82
1.123e-01,5.02,0.852
1.125e-01,5.02,0.828
1.126e-01,5.02,0.844
1.128e-01,5.02,0.844
1.130e-01,5.02,0.86
1.131e-01,4.98,0.86
1.133e-01,4.98,0.868
1.134e-01,5.02,0.884
1.136e-01,5.02,0.9
1.138e-01,5.02,0.908
1.139e-01,5.02,0.94
1.141e-01,5.02,0.956
1.142e-01,4.98,0.98
1.144e-01,5.02,1.012
1.146e-01,4.98,1.004
1.147e-01,5.02,0.956
1.149e-01,5.02,0.964
1.150e-01,5.02,0.948
1.152e-01,5.02,0.94
1.154e-01,5.02,0.94
1.155e-01,4.98,0.924
1.157e-01,4.98,0.86
1.158e-01,4.98,0.852
1.160e-01,5.02,0.876
1.162e-01,4.98,0.876
1.163e-01,5.02,0.876
1.165e-01,5.02,0.9
1.166e-01,4.98,0.916
1.168e-01,4.94,0.908
1.170e-01,5.02,0.956
1.171e-01,4.98,0.884
1.173e-01,5.02,0.916
1.174e-01,5.02,0.996
1.176e-01,5.02,0.988
1.178e-01,5.02,0.964
1.179e-01,5.02,1.012
1.181e-01,5.02,0.98
1.182e-01,5.02,0.98
1.184e-01,5.02,0.924
1.186e-01,5.02,0.9
1.187e-01,5.02,0.884
1.189e-01,5.02,0.884
1.190e-01,5.02,0.868
1.192e-01,5.02,0.892
1.194e-01,5.02,0.908
1.195e-01,4.98,0.932
1.197e-01,5.02,0.964
1.198e-01,4.98,0.988
1.200e-01,5.02,1.004
1.202e-01,5.02,1.012
1.203e-01,5.02,1.044
1.205e-01,5.02,0.972
1.206e-01,5.02,0.98
1.208e-01,4.98,1.052
1.210e-01,5.02,1.044
1.211e-01,5.02,1.02
1.213e-01,5.02,0.94
1.214e-01,5.02,0.996
1.216e-01,5.02,0.876
1.218e-01,5.02,0.884
1.219e-01,5.02,0.9
1.221e-01,5.02,0.924
1.222e-01,5.02,0.932
1.224e-01,4.98,0.948
1.226e-01,5.02,0.972
1.227e-01,5.02,0.956
1.229e-01,5.02,0.892
1.230e-01,5.02,0.812
1.232e-01,5.02,0.82
1.234e-01,4.98,0.828
1.235e-01,5.02,0.836
1.237e-01,5.02,0.844
1.238e-01,5.02,0.844
1.240e-01,4.98,0.844
1.242e-01,4.98,0.844
1.243e-01,5.02,0.852
1.245e-01,4.98,0.86
1.246e-01,5.02,0.876
1.248e-01,5.02,0.892
1.250e-01,5.02,0.9
1.251e-01,4.98,0.924
1.253e-01,4.98,0.948
1.254e-01,4.98,0.98
1.256e-01,4.98,1.004
1.258e-01,4.98,1.028
1.259e-01,4.98,1.028
1.261e-01,4.98,1.052
1.262e-01,5.02,1.044
1.264e-01,5.02,1.068
1.266e-01,5.02,0.94
1.267e-01,5.02,0.972
1.269e-01,5.02,0.86
1.270e-01,5.02,0.852
1.272e-01,5.02,0.868
1.274e-01,5.02,0.868
1.275e-01,5.02,0.876
1.277e-01,5.02,0.892
1.278e-01,5.02,0.916
1.280e-01,5.02,0.94
1.282e-01,4.98,0.964
1.283e-01,5.02,0.98
1.285e-01,4.98,1.004
1.286e-01,5.02,0.932
1.288e-01,5.02,0.916
1.290e-01,5.02,0.908
1.291e-01,5.02,0.9
1.293e-01,5.02,0.932
1.294e-01,5.02,0.924
1.296e-01,5.02,0.892
1.298e-01,4.98,0.852
1.299e-01,5.02,0.86
1.301e-01,5.02,0.86
1.302e-01,4.98,0.868
1.304e-01,4.98,0.884
1.306e-01,4.98,0.9
1.307e-01,4.98,0.924
1.309e-01,5.02,0.94
1.310e-01,5.02,0.964
1.312e-01,5.02,0.996
1.314e-01,4.98,1.012
1.315e-01,4.98,1.028
1.317e-01,5.02,1.012
1.318e-01,4.98,0.86
1.320e-01,5.02,0.86
1.322e-01,4.98,0.876
1.323e-01,5.02,0.9
1.325e-01,5.02,0.836
1.326e-01,5.02,0.86
1.328e-01,5.02,0.868
1.330e-01,5.02,0.876
1.331e-01,5.02,0.876
1.333e-01,4.98,0.9
1.334e-01,5.02,0.916
1.336e-01,5.02,0.94
1.338e-01,4.98,0.956
1.339e-01,5.02,0.988
1.341e-01,5.02,1.004
1.342e-01,5.02,1.028
1.344e-01,5.02,1.052
1.346e-01,5.02,1.044
1.347e-01,4.98,1.028
1.349e-01,5.02,0.996
1.350e-01,5.02,0.996
1.352e-01,4.98,0.964
1.354e-01,5.02,0.916
1.355e-01,5.02,0.9
1.357e-01,5.02,0.9
1.358e-01,5.02,0.884
1.360e-01,4.98,0.908
1.362e-01,5.02,0.908
1.363e-01,5.02,0.94
1.365e-01,5.02,0.964
1.366e-01,5.02,0.964
1.368e-01,5.02,1.012
1.370e-01,5.02,1.02
1.371e-01,5.02,0.932
1.373e-01,4.98,0.884
1.374e-01,4.98,0.884
1.376e-01,5.02,0.86
1.378e-01,4.98,0.828
1.379e-01,5.02,0.852
1.381e-01,5.1,0.892
1.382e-01,4.98,0.844
1.384e-01,4.98,0.868
1.386e-01,5.02,0.86
1.387e-01,5.02,0.876
1.389e-01,5.02,0.892
1.390e-01,4.98,0.9
1.392e-01,5.02,0.932
1.394e-01,4.98,0.956
1.395e-01,5.02,0.98
1.397e-01,5.02,0.964
1.398e-01,4.98,0.94
1.400e-01,5.02,0.828
1.402e-01,4.98,0.844
1.403e-01,4.98,0.828
1.405e-01,5.02,0.836
1.406e-01,5.02,0.86
1.408e-01,5.02,0.852
1.410e-01,4.98,0.852
1.411e-01,5.02,0.868
1.413e-01,4.98,0.868
1.414e-01,5.02,0.868
1.416e-01,4.98,0.884
1.418e-01,5.02,0.892
1.419e-01,5.02,0.916
1.421e-01,5.02,0.948
1.422e-01,4.98,0.972
1.424e-01,5.02,0.988
1.426e-01,4.98,1.02
1.427e-01,5.02,1.052
1.429e-01,5.02,0.964
1.430e-01,5.02,0.956
1.432e-01,4.98,0.964
1.434e-01,5.02,0.924
1.435e-01,5.02,0.956
1.437e-01,4.98,0.948
1.438e-01,4.98,0.86
1.440e-01,5.02,0.868
1.442e-01,4.98,0.86
1.443e-01,4.98,0.868
1.445e-01,4.98,0.892
1.446e-01,5.02,0.908
1.448e-01,5.02,0.94
1.450e-01,4.98,0.964
1.451e-01,5.02,0.98
1.453e-01,4.98,0.844
1.454e-01,5.02,0.948
1.456e-01,4.98,0.996
1.458e-01,5.02,0.996
1.459e-01,4.98,0.98
1.461e-01,5.02,1.012
1.462e-01,5.02,1.012
1.464e-01,5.02,0.988
1.466e-01,5.02,0.932
1.467e-01,5.02,0.924
1.469e-01,5.02,0.884
1.470e-01,4.98,0.876
1.472e-01,5.02,0.892
1.474e-01,4.98,0.908
1.475e-01,4.98,0.924
1.477e-01,5.02,0.948
1.478e-01,4.98,0.964
1.480e-01,5.02,0.996
1.482e-01,5.02,1.02
1.483e-01,5.02,1.028
1.485e-01,4.98,1.068
1.486e-01,5.02,0.988
1.488e-01,5.02,1.068
1.490e-01,5.02,1.06
1.491e-01,5.02,1.028
1.493e-01,5.02,1.036
1.494e-01,5.02,0.964
1.496e-01,4.98,0.884
1.498e-01,4.98,0.892
1.499e-01,4.98,0.9
1.501e-01,4.98,0.916
1.502e-01,5.02,0.924
1.504e-01,5.02,0.948
1.506e-01,5.02,0.972
1.507e-01,4.98,0.996
1.509e-01,5.02,0.94
1.510e-01,5.02,0.892
1.512e-01,5.02,0.852
1.514e-01,5.02,0.844
1.515e-01,4.98,0.916
1.517e-01,5.02,0.86
1.518e-01,5.02,0.852
1.520e-01,5.02,0.868
1.522e-01,4.98,0.86
1.523e-01,4.98,0.868
1.525e-01,5.02,0.876
1.526e-01,5.02,0.876
1.528e-01,5.02,0.892
1.530e-01,4.98,0.908
1.531e-01,5.02,0.932
1.533e-01,5.02,0.94
1.534e-01,5.02,0.972
1.536e-01,5.02,0.996
1.538e-01,5.02,1.028
1.539e-01,5.02,1.052
1.541e-01,5.02,1.052
1.542e-01,4.98,1.068
1.544e-01,5.02,0.996
1.546e-01,5.02,0.964
1.547e-01,5.02,0.916
1.549e-01,5.02,0.892
1.550e-01,4.98,0.868
1.552e-01,4.98,0.86
1.554e-01,5.02,0.868
1.555e-01,5.02,0.884
1.557e-01,5.02,0.892
1.558e-01,5.02,0.916
1.560e-01,5.02,0.94
1.562e-01,5.02,0.956
1.563e-01,5.02,0.988
1.565e-01,4.98,1.004
1.566e-01,5.02,0.924
1.568e-01,4.98,0.924
1.570e-01,4.98,0.9
1.571e-01,5.02,0.908
1.573e-01,5.02,0.948
1.574e-01,4.98,0.9
1.576e-01,5.02,0.924
1.578e-01,5.02,0.86
1.579e-01,4.98,0.868
1.581e-01,4.98,0.876
1.582e-01,5.02,0.884
1.584e-01,5.02,0.884
1.586e-01,5.02,0.908
1.587e-01,5.02,0.924
1.589e-01,4.98,0.948
1.590e-01,5.02,0.98
1.592e-01,5.02,0.996
1.594e-01,5.02,1.044
1.595e-01,5.02,1.068
1.597e-01,5.02,1.02
1.598e-01,5.02,0.812
1.600e-01,4.98,0.876
1.602e-01,5.02,0.924
1.603e-01,5.02,0.916
1.605e-01,5.02,0.868
1.606e-01,5.02,0.876
1.608e-01,4.98,0.868
1.610e-01,4.98,0.884
1.611e-01,5.02,0.884
1.613e-01,4.98,0.9
1.614e-01,5.02,0.908
1.616e-01,4.98,0.948
1.618e-01,4.98,0.964
1.619e-01,5.02,0.972
1.621e-01,4.98,1.02
1.622e-01,4.98,1.044
1.624e-01,5.02,1.052
1.626e-01,4.98,1.06
1.627e-01,4.98,1.06
1.629e-01,4.98,1.052
1.630e-01,4.98,1.036
1.632e-01,4.94,0.9
1.634e-01,5.02,0.892
1.635e-01,5.02,0.9
1.637e-01,5.02,0.9
1.638e-01,4.98,0.892
1.640e-01,4.98,0.916
1.642e-01,5.02,0.908
1.643e-01,4.98,0.94
1.645e-01,5.02,0.964
1.646e-01,5.02,0.996
1.648e-01,5.02,1.02
1.650e-01,5.02,1.036
1.651e-01,5.02,0.892
1.653e-01,5.02,0.884
1.654e-01,4.98,0.868
1.656e-01,5.02,0.844
1.658e-01,4.98,0.844
1.659e-01,5.02,0.868
1.661e-01,5.02,0.876
1.662e-01,5.02,0.852
1.664e-01,5.02,0.868
1.666e-01,5.02,0.876
1.667e-01,5.02,0.884
1.669e-01,5.02,0.892
1.670e-01,5.02,0.916
1.672e-01,5.02,0.94
1.674e-01,5.02,0.956
1.675e-01,5.02,0.988
1.677e-01,4.98,1.004
1.678e-01,5.02,0.924
1.680e-01,5.02,0.828
1.682e-01,5.02,0.82
1.683e-01,5.02,0.86
1.685e-01,5.02,0.844
1.686e-01,4.98,0.86
1.688e-01,4.98,0.86
1.690e-01,5.02,0.86
1.691e-01,5.02,0.868
1.693e-01,5.02,0.876
1.694e-01,4.98,0.884
1.696e-01,4.98,0.9
1.698e-01,5.02,0.908
1.699e-01,4.98,0.94
1.701e-01,5.02,0.956
1.702e-01,4.98,0.98
1.704e-01,5.02,1.012
1.706e-01,5.02,1.036
1.707e-01,5.02,1.068
1.709e-01,5.02,0.972
1.710e-01,5.02,0.972
1.712e-01,5.02,0.932
1.714e-01,5.02,0.94
1.715e-01,5.02,0.932
1.717e-01,5.02,0.932
1.718e-01,5.02,0.868
1.720e-01,4.98,0.868
1.722e-01,4.98,0.876
1.723e-01,4.98,0.884
1.725e-01,5.02,0.908
1.726e-01,5.02,0.924
1.728e-01,5.02,0.94
1.730e-01,5.02,0.964
1.731e-01,5.02,0.948
1.733e-01,5.02,0.884
1.734e-01,5.06,0.988
1.736e-01,4.98,0.988
1.738e-01,4.98,0.988
1.739e-01,5.02,1.004
1.741e-01,5.02,1.004
1.742e-01,5.02,1.02
1.744e-01,5.02,0.972
1.746e-01,5.02,0.948
1.747e-01,4.98,0.884
1.749e-01,5.02,0.9
1.750e-01,5.02,0.9
1.752e-01,5.02,0.892
1.754e-01,5.02,0.916
1.755e-01,5.02,0.948
1.757e-01,4.98,0.956
1.758e-01,4.98,0.988
1.760e-01,5.02,1.012
1.762e-01,5.02,1.036
1.763e-01,5.02,0.996
1.765e-01,5.02,0.988
1.766e-01,4.98,1.028
1.768e-01,4.98,1.092
1.770e-01,5.02,1.06
1.771e-01,5.02,1.052
1.773e-01,5.02,1.012
1.774e-01,5.02,0.988
1.776e-01,5.02,0.884
1.778e-01,4.98,0.892
1.779e-01,4.98,0.9
1.781e-01,5.02,0.916
1.782e-01,5.02,0.948
1.784e-01,5.02,0.98
1.786e-01,5.02,0.988
1.787e-01,5.02,0.988
1.789e-01,5.02,0.964
1.790e-01,4.98,0.876
1.792e-01,5.02,0.852
1.794e-01,5.02,0.916
1.795e-01,4.98,0.884
1.797e-01,5.02,0.868
1.798e-01,5.02,0.876
1.800e-01,4.98,0.868
1.802e-01,4.98,0.86
1.803e-01,5.02,0.868
1.805e-01,5.02,0.876
1.806e-01,5.02,0.884
1.808e-01,4.98,0.908
1.810e-01,5.02,0.916
1.811e-01,5.06,0.94
1.813e-01,5.02,0.972
1.814e-01,5.02,0.988
1.816e-01,5.02,1.036
1.818e-01,5.02,1.036
1.819e-01,5.02,1.068
1.821e-01,5.02,1.084
1.822e-01,4.98,1.004
1.824e-01,4.98,0.956
1.826e-01,4.98,0.932
1.827e-01,4.98,0.932
1.829e-01,5.02,0.868
1.830e-01,4.98,0.868
1.832e-01,5.02,0.876
1.834e-01,5.02,0.884
1.835e-01,4.98,0.884
1.837e-01,5.02,0.916
1.838e-01,5.02,0.932
1.840e-01,5.02,0.964
1.842e-01,5.02,0.988
1.843e-01,5.02,1.012
1.845e-01,5.02,1.02
1.846e-01,5.02,0.932
1.848e-01,4.98,0.9
1.850e-01,4.98,0.868
1.851e-01,5.02,0.932
1.853e-01,5.02,0.932
1.854e-01,5.02,0.94
1.856e-01,5.02,0.9
1.858e-01,4.98,0.868
1.859e-01,5.02,0.868
1.861e-01,5.02,0.868
1.862e-01,5.02,0.884
1.864e-01,5.02,0.9
1.866e-01,5.02,0.924
1.867e-01,5.02,0.94
1.869e-01,5.02,0.972
1.870e-01,5.02,0.996
1.872e-01,4.98,1.02
1.874e-01,5.02,1.028
1.875e-01,4.98,1.036
1.877e-01,5.02,0.884
1.878e-01,4.98,0.852
1.880e-01,5.02,0.916
1.882e-01,5.02,0.932
1.883e-01,4.98,0.924
1.885e-01,5.02,0.86
1.886e-01,5.02,0.876
1.888e-01,5.02,0.876
1.890e-01,5.02,0.892
1.891e-01,5.02,0.884
1.893e-01,5.02,0.908
1.894e-01,5.02,0.932
1.896e-01,5.02,0.956
1.898e-01,5.02,0.98
1.899e-01,5.02,1.02
1.901e-01,5.02,1.044
1.902e-01,5.02,1.06
1.904e-01,5.02,1.06
1.906e-01,5.02,1.06
1.907e-01,5.02,0.98
1.909e-01,5.02,1.02
1.910e-01,5.02,0.964
1.912e-01,5.02,0.956
1.914e-01,4.98,0.916
1.915e-01,5.02,0.884
1.917e-01,5.02,0.9
1.918e-01,5.02,0.908
1.920e-01,5.02,0.924
1.922e-01,5.02,0.94
1.923e-01,5.02,0.956
1.925e-01,5.02,0.98
1.926e-01,5.02,1.012
1.928e-01,5.02,1.028
1.930e-01,5.02,0.9
1.931e-01,5.02,0.884
1.933e-01,5.02,0.876
1.934e-01,5.02,0.86
1.936e-01,4.98,0.836
1.938e-01,5.02,0.86
1.939e-01,5.02,0.876
1.941e-01,4.98,0.86
1.942e-01,5.02,0.868
1.944e-01,5.02,0.884
1.946e-01,4.98,0.884
1.947e-01,5.02,0.9
1.949e-01,5.02,0.916
1.950e-01,5.02,0.94
1.952e-01,5.02,0.956
1.954e-01,4.98,0.988
1.955e-01,5.02,1.02
1.957e-01,3.42,0.044
1.958e-01,5.02,0.82
1.960e-01,5.02,0.844
1.962e-01,5.02,0.852
1.963e-01,5.02,0.844
1.965e-01,5.02,0.86
1.966e-01,5.02,0.86
1.968e-01,4.98,0.868
1.970e-01,4.98,0.868
1.971e-01,5.02,0.868
1.973e-01,5.02,0.884
1.974e-01,5.02,0.892
1.976e-01,4.98,0.892
1.978e-01,5.02,0.94
1.979e-01,4.98,0.932
1.981e-01,5.02,0.988
1.982e-01,5.02,1.012
1.984e-01,4.98,1.044
1.986e-01,5.02,1.06
1.987e-01,5.02,0.98
1.989e-01,5.02,1.012
1.990e-01,5.02,0.964
1.992e-01,5.02,0.932
1.994e-01,5.02,0.94
1.995e-01,5.02,0.9
1.997e-01,5.02,0.868
1.998e-01,5.02,0.876
2.000e-01,5.02,0.892
2.002e-01,4.98,0.884
2.003e-01,5.02,0.9
2.005e-01,5.02,0.924
2.006e-01,4.98,0.948
2.008e-01,5.02,0.972
2.010e-01,5.02,0.988
2.011e-01,5.06,0.956
2.013e-01,5.02,0.988
2.014e-01,5.02,1.004
2.016e-01,5.02,0.988
2.018e-01,5.02,0.988
2.019e-01,5.02,1.036
2.021e-01,5.02,1.02
2.022e-01,4.98,0.98
2.024e-01,5.02,0.924
2.026e-01,5.02,0.884
2.027e-01,5.02,0.892
2.029e-01,4.98,0.9
2.030e-01,4.98,0.908
2.032e-01,4.98,0.9
2.034e-01,5.02,0.948
2.035e-01,4.98,0.964
2.037e-01,5.02,0.996
2.038e-01,4.98,1.02
2.040e-01,5.02,1.036
2.042e-01,5.02,1.012
2.043e-01,5.02,0.98
2.045e-01,5.02,1.012
2.046e-01,5.02,1.1
2.048e-01,4.98,1.06
2.050e-01,5.02,1.02
2.051e-01,5.02,1.028
2.053e-01,5.02,0.996
2.054e-01,4.98,0.892
2.056e-01,5.02,0.9
2.058e-01,5.02,0.916
2.059e-01,5.02,0.932
2.061e-01,5.02,0.94
2.062e-01,5.02,0.964
2.064e-01,4.9,0.908
2.066e-01,5.02,1.036
2.067e-01,5.02,0.972
2.069e-01,5.02,0.876
2.070e-01,5.02,0.876
2.072e-01,4.98,0.916
2.074e-01,5.02,0.884
2.075e-01,5.02,0.86
2.077e-01,5.02,0.868
2.078e-01,5.02,0.86
2.080e-01,5.02,0.876
2.082e-01,5.02,0.868
2.083e-01,5.02,0.876
2.085e-01,5.02,0.892
2.086e-01,5.02,0.9
2.088e-01,5.02,0.908
2.090e-01,4.98,0.932
2.091e-01,5.02,0.964
2.093e-01,5.02,1.012
2.094e-01,5.02,1.012
2.096e-01,5.46,0.644
2.098e-01,4.98,1.068
2.099e-01,5.02,1.084
2.101e-01,4.98,0.988
2.102e-01,4.98,0.948
2.104e-01,4.98,0.94
2.106e-01,4.98,0.964
2.107e-01,5.02,0.852
2.109e-01,5.02,0.876
2.110e-01,5.02,0.876
2.112e-01,5.02,0.876
2.114e-01,5.02,0.884
2.115e-01,4.98,0.916
2.117e-01,5.02,0.94
2.118e-01,5.02,0.956
2.120e-01,5.02,0.988
2.122e-01,5.02,1.02
2.123e-01,5.02,1.044
2.125e-01,4.98,0.94
2.126e-01,4.98,0.916
2.128e-01,5.02,0.868
2.130e-01,5.02,0.924
2.131e-01,5.02,0.932
2.133e-01,4.98,0.956
2.134e-01,4.98,0.876
2.136e-01,5.02,0.86
2.138e-01,5.02,0.868
2.139e-01,4.98,0.876
2.141e-01,4.98,0.892
2.142e-01,5.02,0.9
2.144e-01,4.98,0.924
2.146e-01,4.98,0.948
2.147e-01,4.98,0.972
2.149e-01,5.02,0.996
2.150e-01,4.98,1.02
2.152e-01,4.98,1.044
2.154e-01,5.02,1.036
2.155e-01,5.02,0.876
2.157e-01,5.02,0.876
2.158e-01,4.98,0.924
2.160e-01,5.02,0.932
2.162e-01,4.98,0.892
2.163e-01,4.98,0.876
2.165e-01,5.02,0.876
2.166e-01,5.02,0.884
2.168e-01,5.02,0.892
2.170e-01,5.02,0.9
2.171e-01,5.02,0.908
2.173e-01,4.54,0.436
2.174e-01,5.02,0.964
2.176e-01,5.02,0.988
2.178e-01,5.02,1.012
2.179e-01,5.02,1.044
2.181e-01,4.98,1.052
2.182e-01,5.02,1.06
2.184e-01,5.02,1.044
2.186e-01,4.98,1.06
2.187e-01,5.02,1.036
2.189e-01,5.02,0.964
2.190e-01,4.98,0.932
2.192e-01,5.02,0.932
2.194e-01,5.02,0.9
2.195e-01,4.98,0.892
2.197e-01,5.02,0.908
2.198e-01,5.02,0.924
2.200e-01,5.02,0.948
2.202e-01,5.02,0.964
2.203e-01,5.02,0.988
2.205e-01,5.02,1.012
2.206e-01,5.02,1.044
2.208e-01,5.02,0.884
2.210e-01,5.02,0.892
2.211e-01,5.02,0.876
2.213e-01,5.02,0.852
2.214e-01,5.02,0.852
2.216e-01,4.98,0.868
2.218e-01,4.98,0.892
2.219e-01,5.02,0.868
2.221e-01,5.02,0.876
2.222e-01,5.02,0.876
2.224e-01,5.02,0.884
2.226e-01,5.02,0.9
2.227e-01,5.02,0.908
2.229e-01,5.02,0.94
2.230e-01,5.02,0.972
2.232e-01,5.02,0.988
2.234e-01,5.02,1.012
2.235e-01,4.98,0.972
2.237e-01,4.98,0.82
2.238e-01,5.02,0.844
2.240e-01,5.02,0.868
2.242e-01,5.02,0.844
2.243e-01,5.02,0.852
2.245e-01,4.98,0.868
2.246e-01,5.02,0.868
2.248e-01,5.02,0.86
2.250e-01,5.02,0.884
2.251e-01,4.98,0.9
2.253e-01,5.02,0.884
2.254e-01,5.02,0.908
2.256e-01,5.02,0.924
2.258e-01,5.02,0.972
2.259e-01,4.98,0.988
2.261e-01,5.02,1.02
2.262e-01,5.02,1.036
2.264e-01,5.02,1.076
2.266e-01,5.02,1.004
2.267e-01,5.02,1.028
2.269e-01,4.98,0.948
2.270e-01,5.02,0.94
2.272e-01,5.02,0.924
2.274e-01,5.02,0.892
2.275e-01,4.98,0.868
2.277e-01,4.98,0.868
2.278e-01,4.98,0.884
2.280e-01,4.98,0.892
2.282e-01,5.02,0.908
2.283e-01,4.98,0.924
2.285e-01,4.98,0.948
2.286e-01,5.02,0.98
2.288e-01,5.02,0.9
2.290e-01,5.02,0.924
2.291e-01,5.02,1.004
2.293e-01,5.02,0.988
2.294e-01,5.02,0.996
2.296e-01,4.98,0.996
2.298e-01,5.02,1.004
2.299e-01,5.02,1.012
2.301e-01,5.02,0.988
2.302e-01,4.98,0.94
2.304e-01,4.98,0.908
2.306e-01,5.02,0.9
2.307e-01,5.02,0.908
2.309e-01,4.98,0.908
2.310e-01,5.02,0.924
2.312e-01,4.98,0.932
2.314e-01,4.98,0.956
2.315e-01,4.98,0.988
2.317e-01,4.98,1.02
2.318e-01,5.02,1.044
2.320e-01,5.02,0.972
2.322e-01,5.02,0.964
2.323e-01,5.02,1.012
2.325e-01,4.98,1.052
2.326e-01,4.98,1.068
2.328e-01,4.98,1.06
2.330e-01,5.02,1.004
2.331e-01,5.02,0.996
2.333e-01,5.02,0.892
2.334e-01,4.98,0.908
2.336e-01,5.02,0.908
2.338e-01,5.02,0.932
2.339e-01,5.02,0.948
2.341e-01,5.02,0.964
2.342e-01,5.06,0.98
2.344e-01,5.02,0.988
2.346e-01,5.02,0.956
2.347e-01,5.02,0.9
2.349e-01,5.02,0.884
2.350e-01,5.02,0.916
2.352e-01,5.02,0.852
2.354e-01,5.02,0.876
2.355e-01,5.02,0.876
2.357e-01,4.98,0.86
2.358e-01,5.02,0.86
2.360e-01,4.98,0.876
2.362e-01,5.02,0.868
2.363e-01,4.98,0.892
2.365e-01,5.02,0.908
2.366e-01,5.02,0.924
2.368e-01,5.02,0.956
2.370e-01,4.98,0.964
2.371e-01,4.98,1.004
2.373e-01,5.02,0.988
2.374e-01,4.9,1.028
2.376e-01,4.98,1.068
2.378e-01,5.02,1.06
2.379e-01,5.02,1.068
2.381e-01,4.98,0.932
2.382e-01,4.98,0.916
2.384e-01,5.02,0.932
2.386e-01,4.98,0.876
2.387e-01,5.02,0.868
2.389e-01,5.02,0.876
2.390e-01,5.02,0.884
2.392e-01,5.02,0.892
2.394e-01,5.02,0.916
2.395e-01,5.02,0.924
2.397e-01,5.02,0.964
2.398e-01,5.02,0.988
2.400e-01,5.02,1.004
2.402e-01,4.98,1.004
2.403e-01,4.98,0.948
2.405e-01,5.02,0.908
2.406e-01,5.02,0.876
2.408e-01,4.98,0.956
2.410e-01,5.02,0.916
2.411e-01,5.02,0.932
2.413e-01,5.02,0.876
2.414e-01,5.02,0.868
2.416e-01,4.98,0.876
2.418e-01,5.02,0.876
2.419e-01,5.02,0.884
2.421e-01,5.02,0.908
2.422e-01,4.98,0.924
2.424e-01,4.98,0.956
2.426e-01,4.98,0.972
2.427e-01,4.98,1.004
2.429e-01,4.98,1.052
2.430e-01,4.98,1.052
2.432e-01,4.94,1.044
2.434e-01,4.98,0.86
2.435e-01,5.02,0.9
2.437e-01,4.98,0.94
2.438e-01,5.02,0.924
2.440e-01,5.02,0.892
2.442e-01,4.98,0.868
2.443e-01,4.98,0.884
2.445e-01,5.02,0.884
2.446e-01,5.02,0.9
2.448e-01,5.02,0.9
2.450e-01,5.02,0.924
2.451e-01,5.02,0.932
2.453e-01,5.02,0.956
2.454e-01,5.02,0.988
2.456e-01,4.98,1.02
2.458e-01,5.02,1.044
2.459e-01,4.98,1.068
2.461e-01,4.98,1.076
2.462e-01,4.98,1.068
2.464e-01,5.02,1.076
2.466e-01,4.98,1.044
2.467e-01,5.02,0.988
2.469e-01,5.02,0.892
2.470e-01,4.98,0.916
2.472e-01,4.98,0.9
2.474e-01,5.02,0.908
2.475e-01,4.98,0.916
2.477e-01,4.98,0.924
2.478e-01,5.02,0.948
2.480e-01,4.98,0.964
2.482e-01,4.98,1.02
2.483e-01,5.02,1.02
2.485e-01,5.02,1.012
2.486e-01,5.02,0.9
2.488e-01,5.02,0.9
2.490e-01,4.98,0.844
2.491e-01,5.02,0.86
2.493e-01,5.02,0.86
2.494e-01,5.02,0.836
2.496e-01,4.98,0.892
2.498e-01,5.02,0.876
2.499e-01,4.98,0.868
2.501e-01,5.02,0.884
2.502e-01,5.02,0.884
2.504e-01,5.02,0.908
2.506e-01,5.02,0.916
2.507e-01,4.98,0.956
2.509e-01,5.02,0.972
2.510e-01,5.02,0.996
2.512e-01,5.02,0.972
2.514e-01,4.98,0.924
2.515e-01,4.98,0.836
2.517e-01,5.02,0.868
2.518e-01,5.02,0.86
2.520e-01,5.02,0.852
2.522e-01,5.02,0.852
2.523e-01,4.98,0.852
2.525e-01,5.02,0.86
2.526e-01,4.98,0.86
2.528e-01,4.98,0.876
2.530e-01,5.02,0.892
2.531e-01,5.02,0.9
2.533e-01,5.02,0.924
2.534e-01,5.02,0.94
2.536e-01,5.02,0.956
2.538e-01,4.98,0.98
2.539e-01,5.02,1.02
2.541e-01,4.98,1.052
2.542e-01,5.02,1.052
2.544e-01,5.02,1.012
2.546e-01,5.02,0.996
2.547e-01,5.02,0.916
2.549e-01,4.98,0.916
2.550e-01,5.02,0.916
2.552e-01,4.98,0.9
2.554e-01,5.02,0.86
2.555e-01,4.98,0.86
2.557e-01,4.98,0.876
2.558e-01,4.98,0.9
2.560e-01,5.02,0.908
2.562e-01,4.98,0.94
2.563e-01,4.98,0.956
2.565e-01,4.98,0.988
2.566e-01,5.02,0.868
2.568e-01,5.02,0.932
2.570e-01,5.06,1.004
2.571e-01,5.02,0.988
2.573e-01,5.02,1.036
2.574e-01,5.02,1.004
2.576e-01,5.02,1.028
2.578e-01,5.02,1.004
2.579e-01,5.02,0.956
2.581e-01,5.02,0.924
2.582e-01,5.02,0.9
2.584e-01,5.02,0.9
2.586e-01,4.98,0.908
2.587e-01,4.98,0.892
2.589e-01,5.06,0.94
2.590e-01,5.02,0.94
2.592e-01,4.98,0.972
2.594e-01,5.02,0.996
2.595e-01,5.02,1.028
2.597e-01,5.02,1.036
2.598e-01,4.98,1.02